"","month","Precip_m3","Evap_m3","Inflow_m3"
"1",2006-01-01,262.321931886066,1168975.67404784,60502852.1118164
"2",2006-02-01,724.905253635552,1169322.09103312,393115979.827881
"3",2006-03-01,265.011550122124,1243810.86577504,508652624.597168
"4",2006-04-01,88.8745895988297,1330197.02843475,244620534.759521
"5",2006-05-01,2.85959562492683,1682288.60122164,83413690.4525757
"6",2006-06-01,3.57687330039261e-05,1659554.6996499,56185934.1257572
"7",2006-07-01,251.714952284957,2231390.72170821,88974948.6629963
"8",2006-08-01,883.93310139977,2492125.51938957,526466922.033691
"9",2006-09-01,176.733909747292,1871556.97180802,415650915.637207
"10",2006-10-01,300.960431656229,1735719.87766256,416946723.815918
"11",2006-11-01,86.3094862587956,1220176.94486759,236193093.511963
"12",2006-12-01,86.4522207148932,1116011.33255421,166382880.79834
"13",2007-01-01,567.60955458645,1185373.90588803,265245742.30957
"14",2007-02-01,316.363946647087,1172832.97735564,358216305.029297
"15",2007-03-01,189.366270086049,1243813.96970202,208411078.656006
"16",2007-04-01,91.2747287551797,1349069.95800318,213684644.696045
"17",2007-05-01,51.3690142480334,1698452.48206224,87525819.3946838
"18",2007-06-01,14.7210301879085,1649993.53585974,43039056.9611549
"19",2007-07-01,145.684069705818,1999004.81562305,31584624.466896
"20",2007-08-01,748.194327889868,2432875.88091905,222756083.486938
"21",2007-09-01,93.0468701905808,1864899.21290709,484268332.324219
"22",2007-10-01,314.102000811067,1805988.4056439,149776276.519775
"23",2007-11-01,153.152887798647,1257476.77872995,132504015.371704
"24",2007-12-01,413.927768953527,1374103.81176893,137952976.849365
"25",2008-01-01,1107.98013325432,1321646.60023927,1136822116.99219
"26",2008-02-01,1032.61825995832,1204306.90339926,1184138742.26074
"27",2008-03-01,345.818896363613,1242276.10876555,1131388680.76172
"28",2008-04-01,29.5927622187053,1340381.55043701,562540984.277344
"29",2008-05-01,79.5465600279018,1523892.39960745,422771391.430664
"30",2008-06-01,11.3772911001279,1838378.38315808,332628816.192627
"31",2008-07-01,282.842070344864,2232978.19593458,263907011.151123
"32",2008-08-01,262.78619550375,2091197.46872271,295020066.796875
"33",2008-09-01,54.3139413955059,1847386.89399448,324371704.504395
"34",2008-10-01,4.16982922618022,1679031.41401424,157540378.985596
"35",2008-11-01,301.694658838544,1251357.90333366,160308324.591064
"36",2008-12-01,163.176072175481,1176200.90134241,235663142.541504
"37",2009-01-01,73.3925350698387,1189530.92527285,240434649.645996
"38",2009-02-01,472.39511182319,1088031.03987903,230908530.541992
"39",2009-03-01,341.466835904264,1274011.35829693,208441377.026367
"40",2009-04-01,81.8694348243541,1400539.26138047,297195610.913086
"41",2009-05-01,19.6863688022163,1503836.71249959,145141391.821289
"42",2009-06-01,14.1820677188339,1800722.81728157,85914013.1423951
"43",2009-07-01,40.0333094153771,1905691.85226172,96072680.3741455
"44",2009-08-01,555.202487049755,2426483.33527645,68852820.5474854
"45",2009-09-01,63.9975776039618,1808840.75838518,406593918.896484
"46",2009-10-01,8.83589203215769,1642619.88088737,120983122.045898
"47",2009-11-01,123.112346755053,1213480.12777946,106571517.901611
"48",2009-12-01,162.755720771996,1095173.85624294,164990640.39917
"49",2010-01-01,107.921100660485,1074173.16647768,105425049.60022
"50",2010-02-01,83.0335807622942,1097449.25772343,114248293.231201
"51",2010-03-01,184.586041684767,1115931.54914252,91249139.1494751
"52",2010-04-01,48.703260192867,1355283.3102136,220840632.971191
"53",2010-05-01,11.5583727324641,1607244.06977227,122847530.795288
"54",2010-06-01,0.00688347305157963,1705262.40310075,42245366.8652058
"55",2010-07-01,86.7855356605411,2022055.05694076,23478990.4452324
"56",2010-08-01,35.9760233498187,1966701.22776498,16004491.1149263
"57",2010-09-01,116.08618689761,1958184.63577329,12252651.4189124
"58",2010-10-01,134.375752582707,1564029.11770751,1743760.02749205
"59",2010-11-01,135.174782855883,1272300.15382247,33854010.5827332
"60",2010-12-01,60.996054270441,1237123.44213702,74182504.3258666
"61",2011-01-01,85.2797262708021,987444.577146987,29444662.5869751
"62",2011-02-01,313.209914950781,1208239.31693083,119135681.364441
"63",2011-03-01,71.075153226284,1329282.95766409,108152745.03479
"64",2011-04-01,36.9057153497334,1302943.52415539,107412270.281982
"65",2011-05-01,1.72332894426793,1688016.06617334,24693604.1067123
"66",2011-06-01,27.2134127967431,1739213.92260654,2719499.84396026
"67",2011-07-01,35.0440033051153,1892802.8774569,1229893.48600432
"68",2011-08-01,327.607137532682,2170778.44659652,569704.664896242
"69",2011-09-01,84.886718714798,1844259.98573893,12288803.2569408
"70",2011-10-01,208.065917097391,1625412.32983135,50499006.5497399
"71",2011-11-01,39.7734714646514,1216258.76628561,26149653.3828735
"72",2011-12-01,122.369857101162,1172722.37740488,18483196.004641
"73",2012-01-01,506.147036612368,1144432.89942499,123330311.361694
"74",2012-02-01,130.953634590461,1227080.04965723,189534577.91748
"75",2012-03-01,215.748083132625,1306766.73853527,262711250.463867
"76",2012-04-01,35.5381096072909,1365814.73559415,140689321.133423
"77",2012-05-01,17.4814862702089,1741391.69533436,50388032.5036705
"78",2012-06-01,0.366379135372544,1770222.17752004,20258581.9478284
"79",2012-07-01,52.1220112404965,1914777.12934622,588117.571073771
"80",2012-08-01,140.70187480916,1993343.01754856,518039.493657276
"81",2012-09-01,75.5058103116716,1828072.98717762,1151573.48198891
"82",2012-10-01,55.0918865785178,1590964.84060136,226117.005002126
"83",2012-11-01,195.719853912399,1249716.82741604,2637786.74304038
"84",2012-12-01,47.5446819727627,1270607.24956819,996635.692083835
"85",2013-01-01,570.093020648996,1294283.79883774,30298116.3788795
"86",2013-02-01,510.211054633061,1162840.67857005,316525013.745117
"87",2013-03-01,166.695522062523,1391558.10266804,527067873.742676
"88",2013-04-01,81.0542589370905,1390931.16015449,203795020.129395
"89",2013-05-01,26.9098839605762,1616062.57298562,101257526.637268
"90",2013-06-01,8.71732299187353,1736925.22738844,53732601.3003945
"91",2013-07-01,94.2124228166708,1885708.96081116,42435493.3163882
"92",2013-08-01,187.728066092283,1961183.87198398,22417889.9057865
"93",2013-09-01,186.757548279663,1839569.42356925,2594196.95263803
"94",2013-10-01,107.332676054542,1581507.88083657,684812.124931812
"95",2013-11-01,72.1471974933031,1188806.53140825,2187822.94464111
"96",2013-12-01,134.476697290223,1228515.26101774,49812768.2248593
"97",2014-01-01,107.616031652755,1212817.17831133,41526454.133606
"98",2014-02-01,764.175860618825,1153707.28679799,233959027.91748
"99",2014-03-01,449.652795591971,1410507.87315549,289614959.802246
"100",2014-04-01,20.5391266511058,1344149.34262314,363209577.978516
"101",2014-05-01,15.9059035901924,1529035.86667412,88083497.6025581
"102",2014-06-01,0.850051836595191,1754539.77614535,42138204.8044144
"103",2014-07-01,90.66780454055,2154626.53516328,87449270.9416509
"104",2014-08-01,245.378115157406,2198765.93621623,84306114.7338867
"105",2014-09-01,171.467805909692,2020980.26391247,114060976.85852
"106",2014-10-01,254.564661420261,1727890.45696672,65317440.8111572
"107",2014-11-01,33.4561601677152,1036448.4635091,80796236.2701416
"108",2014-12-01,241.527672921776,1240585.95140432,84381019.7113037
"109",2015-01-01,180.650233658329,1202648.90387243,69411492.9656982
"110",2015-02-01,377.957357863619,1151003.49999226,97699120.3125001
"111",2015-03-01,180.095990076344,1412802.28420131,167257432.617188
"112",2015-04-01,16.5617863200484,1328671.23921179,114046379.8522
"113",2015-05-01,18.9389522094026,1693717.92032474,27897917.0837045
"114",2015-06-01,1.93289085971048,1776307.50056037,15815266.8536603
"115",2015-07-01,155.790792247775,2122565.66926449,2074015.31808651
"116",2015-08-01,250.826408682372,2241540.23766507,3708198.67873191
"117",2015-09-01,17.5613342348744,1798187.41295405,46840876.1404931
"118",2015-10-01,110.40364130654,1504586.67112063,7572027.35701204
"119",2015-11-01,43.5130549842998,1244521.04327659,80399131.2240601
"120",2015-12-01,188.942825681993,1086673.53380965,111113773.104858
"121",2016-01-01,350.635642958909,1129535.73637537,74999933.0749512
"122",2016-02-01,173.856462392137,1108172.44155185,119279150.463867
"123",2016-03-01,362.49095585174,1433659.1258461,156113244.415283
"124",2016-04-01,19.3765812638548,1364176.73025831,80978106.6650391
"125",2016-05-01,41.1249773241545,1583710.22001924,22715130.3995132
"126",2016-06-01,10.2739804487766,1786298.02715622,6070689.97964914
"127",2016-07-01,45.803706451548,1981857.50128933,15355.8951481479
"128",2016-08-01,35.6544938654082,1887421.73602706,19743.4599700151
"129",2016-09-01,40.0805333002361,1875771.33975109,128884.671958032
"130",2016-10-01,45.7934702831879,1612484.75525713,62029.3431513011
"131",2016-11-01,77.255183330099,1232203.9705809,220523.100954294
"132",2016-12-01,857.965348106555,1301572.227023,359240128.578982
"133",2017-01-01,437.958123830412,1292009.6983538,725953877.270507
"134",2017-02-01,145.630770653021,1135143.82584946,479724391.186524
"135",2017-03-01,217.423422804522,1292850.9363282,242704792.96875
"136",2017-04-01,20.6484558214648,1286085.0170091,148719851.71051
"137",2017-05-01,1.29665023900732,1624980.87472613,70965875.4644394
"138",2017-06-01,16.858529361118,1808615.62559131,51114099.0843773
"139",2017-07-01,207.048529147251,2114888.46422106,54447583.6013318
"140",2017-08-01,206.8740130794,2200598.3691242,275953583.221435
"141",2017-09-01,240.49159081292,1908151.62269865,220404066.503906
"142",2017-10-01,218.376747310219,1626800.6448318,130383120.794678
"143",2017-11-01,51.7406186400537,1368805.2801842,152430646.783447
"144",2017-12-01,243.299041772959,1106024.9313951,172676599.832153
"145",2018-01-01,499.549768944559,1343673.60293102,473244309.777832
"146",2018-02-01,92.2825531162494,1225403.00375464,274124174.194336
"147",2018-03-01,283.842028014092,1385992.82532473,141509551.025391
"148",2018-04-01,67.3065870077882,1378380.99342691,205351455.432129
"149",2018-05-01,7.11193947107943,1709907.48052919,74630262.8917694
"150",2018-06-01,6.87324235027318,1791888.18890327,36902998.374939
"151",2018-07-01,50.3141819713366,2063042.1335411,23344320.6903934
"152",2018-08-01,172.594317212704,2185887.95711352,170734168.309021
"153",2018-09-01,179.579217851346,1939240.85087483,270367481.964111
"154",2018-10-01,98.7867871110626,1605825.47233313,81900579.1374207
"155",2018-11-01,150.287883872839,1327370.47211577,49912993.7347412
"156",2018-12-01,95.5012907787226,1212892.2541389,64212695.2056885
"157",2019-01-01,78.132978906923,1273790.15562398,36720259.6343994
"158",2019-02-01,294.504108377104,1021277.55266594,48446550.302124
"159",2019-03-01,256.175583085115,1319358.22858095,28076051.5136719
"160",2019-04-01,45.7150534669518,1314164.99864884,106442935.263062
"161",2019-05-01,12.0394908581893,1617035.95844,40653297.4878788
"162",2019-06-01,0.270388597987731,1693478.528024,4093047.86896035
"163",2019-07-01,45.5750695748581,1879586.41481797,6769.57084850874
"164",2019-08-01,152.232413372374,2145147.72707013,96827.8548876756
"165",2019-09-01,52.5592774381546,1918044.68105869,3169100.52344799
"166",2019-10-01,347.229340102173,1768464.57041305,201221390.148926
"167",2019-11-01,87.0605286736621,1212638.76519972,110999577.722168
"168",2019-12-01,164.750099786883,1195698.7224415,112891302.877808
"169",2020-01-01,82.0247114546174,1183904.01504338,103917640.209961
"170",2020-02-01,0.70063820034742,970132.777876057,65561003.9772034
"171",2020-03-01,34.4602796191498,1358299.1718593,14553717.4179554
"172",2020-04-01,1.74417913710566,1215648.80445084,65157.0246746996
"173",2020-05-01,4.47020256397918,1620398.35554852,18368.4492568137
"174",2020-06-01,3.3283758431116,1670398.2550493,17613.8950907159
"175",2020-07-01,26.0774149099447,1886757.910845,4492.08230197546
"176",2020-08-01,20.4124660637266,1908954.02570502,25066.0687525117
"177",2020-09-01,110.923946865185,1832025.63591474,2153291.97080827
"178",2020-10-01,127.139062446969,1625213.59226085,27367967.4087524
"179",2020-11-01,442.802333561861,1337508.88060819,50357017.1310424
"180",2020-12-01,89.3099233553357,1172826.04147214,117637707.266236
"181",2021-01-01,59.4885034631262,1299931.86912465,58145646.395874
"182",2021-02-01,32.9285870567012,1030581.169047,30285663.7046814
"183",2021-03-01,88.574284889487,1357827.1935836,26111153.3269644
"184",2021-04-01,168.206094428662,1465508.56553303,65091761.643219
"185",2021-05-01,1.0679457196422,1546445.49080398,14450169.2994207
"186",2021-06-01,0,1655849.3730757,4177.00223661668
"187",2021-07-01,93.4713014309287,1906473.3446015,8648.97642306793
"188",2021-08-01,267.569659587422,2231417.04015996,454751.080459356
"189",2021-09-01,93.3446604820988,1913926.50188535,8837919.85023022
"190",2021-10-01,110.915107336852,1738639.98478644,1461147.4024415
"191",2021-11-01,362.349834984314,1293354.05783681,60505461.3574505
"192",2021-12-01,628.041233485364,1269451.39630807,384441043.634033
"193",2022-01-01,279.97858632071,1264474.63565542,233647271.356201
"194",2022-02-01,90.3748137022889,1190264.6815495,176434225.872803
"195",2022-03-01,428.88844857668,1325715.72286532,210317601.159668
"196",2022-04-01,4.02171560832834,1328091.16859542,319326938.745117
"197",2022-05-01,12.2742695083865,1581211.30904942,75977490.4129029
"198",2022-06-01,0.146342131013042,1739524.56976206,30351325.2782822
"199",2022-07-01,11.3898590570094,1966537.25236915,11574144.4654942
"200",2022-08-01,384.427777555808,2233952.55727291,2445366.51153155
"201",2022-09-01,492.629444021716,2135610.76470527,215889880.119324
"202",2022-10-01,110.125022352015,1604399.6200897,267483039.038086
"203",2022-11-01,306.096710084625,1454741.72453905,119924784.338379
"204",2022-12-01,117.229428582231,1222774.81350142,94238250.4577636
"205",2023-01-01,340.658983445711,1246947.57798668,99348985.1074218
"206",2023-02-01,132.410739100361,1177550.71539962,321943668.200683
"207",2023-03-01,251.333203321614,1419365.95511668,186278341.168213
"208",2023-04-01,100.6991909132,1477672.61288966,205378820.288086
"209",2023-05-01,17.3442713201772,1676529.37039345,56620170.7443237
"210",2023-06-01,10.8064146434745,1828406.47892512,24985614.0035034
"211",2023-07-01,97.6768743136193,2073904.67009546,15605342.546314
"212",2023-08-01,305.937384884781,2077574.80090573,12475024.0407944
"213",2023-09-01,45.3334112068046,1820263.49577288,49723824.2328643
"214",2023-10-01,455.550120635766,1699959.39187449,65234029.6297074
"215",2023-11-01,72.545358346495,1255704.49658754,101915957.867432
"216",2023-12-01,528.890544832504,1221593.04693864,256454560.272217
"217",2024-01-01,316.28906827098,1177101.98295779,270468809.912109
"218",2024-02-01,73.8132712770371,1134422.27520258,279231820.751953
"219",2024-03-01,11.4516978424582,1442197.57645623,190474450.323486
"220",2024-04-01,33.0328972973522,1485920.85997342,51765943.6958312
"221",2024-05-01,11.497361041519,1706711.94746683,32698871.8746185
"222",2024-06-01,0.196224311478721,1785553.02346338,18519987.5696361
"223",2024-07-01,136.139710732873,1912057.87221148,4588494.69993711
"224",2024-08-01,812.85331980403,2496871.59302747,61300309.0412467
"225",2024-09-01,405.694895176264,2064494.33310439,467142756.70166
"226",2024-10-01,59.6881860027324,1746109.96509491,415685010.388183
"227",2024-11-01,126.237146932292,1308018.87208052,157832049.682617
"228",2024-12-01,32.9739186175683,1104610.85981688,187803806.726074
"229",2025-01-01,203.965429336657,1242287.34829954,68787861.3143921
"230",2025-02-01,286.945444796274,1136261.27966458,104269796.905517
"231",2025-03-01,347.027521041025,1441220.60868958,175002017.926025
"232",2025-04-01,49.6882250606181,1496468.17586805,161032258.959961
"233",2025-05-01,6.01863809975864,1696459.84953256,35343453.5851479
"234",2025-06-01,0.0186526273781164,1818687.77661447,12455439.7720456
"235",2025-07-01,319.173219548227,2245311.85204265,49921717.3270941
"236",2025-08-01,250.047227605082,2225655.93072619,126468541.639709
"237",2025-09-01,9.77100586274299,1847317.84300571,277619167.63916
"238",2025-10-01,178.577920863815,1585693.2636773,178036957.177734
"239",2025-11-01,78.6387054745355,1355522.19021317,167499008.624268
"240",2025-12-01,38.5823005832607,1114378.76460939,91265666.8441772
"241",2026-01-01,482.253106043076,1279227.42250636,114114949.832153
"242",2026-02-01,59.555730401772,1160010.28630525,68793918.3929444
"243",2026-03-01,63.4825814957022,1392297.18771688,62930086.1114502
"244",2026-04-01,2.19865367019738,1477406.39353487,40617799.3626595
"245",2026-05-01,11.4406135874599,1743109.45830287,14490649.1563797
"246",2026-06-01,2.14429855103541,1767387.19238205,4044791.12341264
"247",2026-07-01,107.329578679698,2107401.63858734,8418809.0193463
"248",2026-08-01,360.718674628481,2260400.5527698,21809982.093771
"249",2026-09-01,87.1102457500642,1942545.3871396,140964949.786377
"250",2026-10-01,27.395804526318,1560485.38677419,57483736.303711
"251",2026-11-01,85.9770763079292,1329603.71807992,17395137.2835159
"252",2026-12-01,66.0987987208293,1183961.79986695,38749425.2174378
"253",2027-01-01,51.7011974997028,1146267.61349152,4631043.24098825
"254",2027-02-01,183.019922026751,1162871.10241578,48512086.4976883
"255",2027-03-01,26.334268851141,1274367.05016735,83349470.0775146
"256",2027-04-01,0.0731139288602446,1336544.25893416,33356817.218703
"257",2027-05-01,4.63656798875004,1734436.18063054,3156.50420986349
"258",2027-06-01,8.14749963950924,1708497.45599444,315.953102940693
"259",2027-07-01,459.684024888564,2028990.51659018,759345.40503544
"260",2027-08-01,378.467225152257,2313890.71523286,52368886.1686707
"261",2027-09-01,10.8275610669877,1809162.2371472,45930546.1652756
"262",2027-10-01,239.774491712313,1584810.4885445,11573081.311655
"263",2027-11-01,108.476858780158,1160509.66792659,29588007.9666138
"264",2027-12-01,5.80106822987842,1074699.56226252,28089364.7289276
"265",2028-01-01,908.363840549899,1228297.78974234,507835571.189118
"266",2028-02-01,581.061164517904,1119521.36881179,233671941.485596
"267",2028-03-01,85.0499220187079,1455883.38664639,505481245.202636
"268",2028-04-01,29.5644371932952,1362185.55789179,135517181.671143
"269",2028-05-01,0.814529325430344,1584441.93974865,54006744.2502021
"270",2028-06-01,1.06814599691616e-08,1705326.44817396,37873495.2551901
"271",2028-07-01,13.9989725658207,1964125.66661352,13744181.9375843
"272",2028-08-01,169.946696255154,2262748.02968875,32284661.7658139
"273",2028-09-01,17.1775371268333,1868571.32642973,53417730.329132
"274",2028-10-01,123.157537648097,1769317.20503958,9613628.25107575
"275",2028-11-01,58.3262970777744,1161909.70542617,11908503.2048821
"276",2028-12-01,499.617777950303,1216680.49687536,84946710.8842849
"277",2029-01-01,92.4847422312223,1198632.89803493,203658156.628418
"278",2029-02-01,50.7100121464963,1066544.44479242,136762887.084961
"279",2029-03-01,76.6331647848865,1277448.27233457,73353936.4700317
"280",2029-04-01,128.021051224539,1348065.02674695,60782200.7217407
"281",2029-05-01,26.4094048512759,1547123.92167447,38944520.652008
"282",2029-06-01,0.0665701673750995,1685728.5231686,6717335.27969225
"283",2029-07-01,37.1332140594758,1970234.47406516,30573.3278331812
"284",2029-08-01,329.120980275318,2298297.98223057,11265656.5437376
"285",2029-09-01,91.6765957004657,1907195.56197414,281496480.029297
"286",2029-10-01,137.261212661458,1598544.69666864,134607198.120117
"287",2029-11-01,428.480975115625,1396168.95694309,74879599.8641968
"288",2029-12-01,465.532647796307,1327685.77693387,466121720.654296
"289",2030-01-01,139.697474631318,1141332.10027744,328472616.906738
"290",2030-02-01,40.7077744567524,1042251.79392599,149630741.674805
"291",2030-03-01,190.339642208655,1321671.59430401,96182901.1505127
"292",2030-04-01,23.7025587038261,1409586.80478901,270231947.369385
"293",2030-05-01,0.0895985308067795,1634259.1052599,86886645.9317208
"294",2030-06-01,0.000139844867749615,1853200.55304797,28011858.5628032
"295",2030-07-01,22.6492235067011,1931362.33189364,12730740.8876091
"296",2030-08-01,1071.38517685928,2733829.47194049,180686717.59057
"297",2030-09-01,19.8224816846662,1891895.69738822,536210013.922119
"298",2030-10-01,59.9276754981545,1673788.60984465,161516130.79834
"299",2030-11-01,204.290064319088,1354189.01709001,65534739.1891479
"300",2030-12-01,72.4639693525681,1123431.73086674,123121537.536621
"301",2031-01-01,52.8760331833991,1166980.9907812,52582172.593689
"302",2031-02-01,205.709466813546,1045710.78445895,81366492.2058105
"303",2031-03-01,123.04197421412,1199480.02611126,107819739.239502
"304",2031-04-01,126.256032685418,1403389.74673543,107226548.135376
"305",2031-05-01,10.3154774319525,1689013.55509675,52147360.8421326
"306",2031-06-01,6.12741793959664,1817520.9589833,10638328.4821451
"307",2031-07-01,42.5028054227144,1892744.66582736,16516.2290959619
"308",2031-08-01,441.449780797325,2191064.45148236,18212052.8657147
"309",2031-09-01,337.241802873132,2253276.42533828,73920289.7529602
"310",2031-10-01,129.30392840881,1626833.43859797,114910758.764648
"311",2031-11-01,360.287713082817,1369043.39626281,57296728.5095214
"312",2031-12-01,573.667612019397,1190638.28097762,476503589.053345
"313",2032-01-01,295.393632345247,1165853.54641743,421220564.758301
"314",2032-02-01,381.431699118432,1263821.78382233,153702247.412109
"315",2032-03-01,65.6518709343442,1381764.48393302,477242368.066406
"316",2032-04-01,13.6007894310162,1435229.3569472,95146621.9024658
"317",2032-05-01,0.851455938240672,1760215.17283003,60119713.4147644
"318",2032-06-01,3.16929430633096,1777458.87050248,44631994.8238134
"319",2032-07-01,120.653401166031,1970029.60878541,28969764.2724037
"320",2032-08-01,358.82032278206,2141476.44651193,50475338.4532929
"321",2032-09-01,146.377353531091,2112594.39971433,174906168.255615
"322",2032-10-01,425.36746851449,1686676.36294669,149182198.901367
"323",2032-11-01,285.064138967432,1433471.36426426,104685449.249268
"324",2032-12-01,93.7372140337587,1347859.62039417,372237649.090576
"325",2033-01-01,205.32797738529,1299247.31346784,146655936.584473
"326",2033-02-01,147.344017219019,1014193.70982878,134229487.664795
"327",2033-03-01,478.521463458109,1442075.84894391,408156540.765381
"328",2033-04-01,5.68766247258238,1317221.85884654,177972536.659241
"329",2033-05-01,20.1565711329737,1630092.88348092,59930967.9199218
"330",2033-06-01,2.37566376231681,1774320.98933149,35004133.3661735
"331",2033-07-01,260.499269668468,2209304.21238589,87619205.0824016
"332",2033-08-01,582.105937549763,2495821.04152576,217957064.447021
"333",2033-09-01,328.737602546885,2122279.56184122,578186172.180176
"334",2033-10-01,541.442463852567,1827240.60223916,569214811.450195
"335",2033-11-01,11.9922189701773,1478728.31433031,265225246.929932
"336",2033-12-01,44.2059069459963,1276636.93710637,241024737.084961
"337",2034-01-01,73.4017907770385,1313437.80749669,141168350.88501
"338",2034-02-01,40.1767153963118,1152837.78890329,98107358.6975098
"339",2034-03-01,142.254940144742,1362246.44259561,98133646.1242675
"340",2034-04-01,72.6021470249391,1389290.66773288,130356537.478638
"341",2034-05-01,56.1277147076014,1720833.47284939,36352009.5251083
"342",2034-06-01,3.2001331326358,1817335.51668425,29386926.3977051
"343",2034-07-01,123.232008968998,1873396.68016505,6693162.78755777
"344",2034-08-01,237.501704192788,2227722.03110872,14074923.1551737
"345",2034-09-01,81.3511061409828,1992667.57995523,134124347.763062
"346",2034-10-01,31.5308962388663,1595755.57474121,71242429.3121338
"347",2034-11-01,168.767120259459,1154041.56710469,29003651.7242432
"348",2034-12-01,286.514050722034,1182382.17699842,114362447.806549
"349",2035-01-01,42.604790061626,1244044.54377926,54149882.5469971
"350",2035-02-01,214.005121442976,1255716.43823908,24656662.4668121
"351",2035-03-01,272.537562036706,1544813.45165196,116633343.109131
"352",2035-04-01,16.2411827739036,1460776.46496676,162868730.108643
"353",2035-05-01,37.6054944973359,1688312.44466629,37055424.0371703
"354",2035-06-01,0.397274697701868,1673771.6118595,7997047.2126043
"355",2035-07-01,166.840540403983,1941127.31847933,14152.3760150769
"356",2035-08-01,207.153112784362,2194485.31772394,279407.134003221
"357",2035-09-01,338.139936933551,2201104.85446581,81874342.5035477
"358",2035-10-01,330.635815417078,1755205.46447151,221377295.379639
"359",2035-11-01,115.633778980605,1390169.56985227,236212340.734863
"360",2035-12-01,237.257354063053,1186682.40875053,231099409.698486
"361",2036-01-01,184.547956961042,1202963.36911206,269864667.443848
"362",2036-02-01,254.345094480943,1204497.22416773,238510386.474609
"363",2036-03-01,61.1471890926607,1286394.99976336,227753591.748047
"364",2036-04-01,17.1276358541039,1396229.13962943,73739979.6981811
"365",2036-05-01,44.1796557416203,1692163.40501153,52248993.1869506
"366",2036-06-01,6.64275498532585,1822077.14983809,31017650.7623077
"367",2036-07-01,179.487504541977,1978198.50819973,3002256.28197044
"368",2036-08-01,104.768832745103,1932444.3536364,8214884.67736244
"369",2036-09-01,160.53168327491,2083570.06026571,7144565.66563882
"370",2036-10-01,182.934790827592,1776452.05927083,30557681.9892883
"371",2036-11-01,33.7245187314585,1340564.86829537,23019878.2276154
"372",2036-12-01,203.953821260081,1234024.21668191,4640367.20590442
"373",2037-01-01,204.615824975542,1180271.77775325,1975583.06787908
"374",2037-02-01,308.354910789091,1140772.47054704,28710794.153595
"375",2037-03-01,74.2656301917851,1254862.33920913,80505938.0264282
"376",2037-04-01,49.4111248586467,1482030.68726426,61762588.4742737
"377",2037-05-01,7.63992332172848,1705338.49668971,1884653.04319622
"378",2037-06-01,0.249856743081136,1755858.85705421,576.414446043782
"379",2037-07-01,71.5177037631021,1992153.94577844,44149.9835556548
"380",2037-08-01,55.7387026141474,1971152.39287583,1922058.91136527
"381",2037-09-01,167.75029453064,1922070.7763928,10893703.6970861
"382",2037-10-01,0.624352752111035,1672454.64762511,267128.711817228
"383",2037-11-01,52.7729371989347,1235146.9498467,77808.0812036992
"384",2037-12-01,21.0373608541144,1208862.41231159,477355.861973763
"385",2038-01-01,178.018551962928,1269560.50287728,297461.156158895
"386",2038-02-01,244.751404583543,1289853.55175237,33982226.9014835
"387",2038-03-01,177.840661881538,1465192.54978569,106528194.63501
"388",2038-04-01,2.40086089157708,1395938.76158432,77188147.6547242
"389",2038-05-01,0,1687088.19171978,2152414.21147425
"390",2038-06-01,5.73070321124625,1680314.04722695,101.78412325331
"391",2038-07-01,138.858793469511,1977764.37743195,1258251.78607898
"392",2038-08-01,96.8943376870821,2032178.88287063,1088984.35496813
"393",2038-09-01,203.854454894077,1829621.81756605,4353907.61093851
"394",2038-10-01,144.400041219466,1748839.46201026,32464987.0512486
"395",2038-11-01,316.929252851808,1360508.90434957,63940324.5071411
"396",2038-12-01,509.559016592382,1246855.46495684,119803919.04602
"397",2039-01-01,183.895454568804,1291136.74161148,235933516.131592
"398",2039-02-01,128.560056370943,1159466.15186061,182204129.168701
"399",2039-03-01,461.551449714634,1369855.16704172,174339252.46582
"400",2039-04-01,104.395433860706,1464394.52421932,307082770.3125
"401",2039-05-01,19.7371709058199,1656348.04431572,94613133.634758
"402",2039-06-01,0.007905730029369,1694214.41608037,30466235.8795058
"403",2039-07-01,418.458808705562,2065578.33266531,10294817.6525109
"404",2039-08-01,254.840703605422,2175064.21664686,44441343.8793182
"405",2039-09-01,115.669968932799,1974026.88964666,204949039.663696
"406",2039-10-01,30.355767455141,1648537.57444223,165166415.936279
"407",2039-11-01,173.80188891029,1301760.0423542,126360360.076904
"408",2039-12-01,186.852230689939,1096182.14804443,174718198.388672
"409",2040-01-01,247.541667454513,1254922.58064697,145952458.374023
"410",2040-02-01,69.8528045262187,1094737.14553192,176532752.966309
"411",2040-03-01,96.9609837995403,1368138.36509017,76257177.8823852
"412",2040-04-01,19.8176984813676,1247846.3011125,60846412.1566773
"413",2040-05-01,11.525112129714,1759390.87964347,17393131.5627515
"414",2040-06-01,4.26219959944668e-07,1776947.8165803,1750786.53675844
"415",2040-07-01,92.1920532032186,2149055.35217609,1402342.77944625
"416",2040-08-01,425.0703863533,2253876.043888,3294351.90113644
"417",2040-09-01,116.641665863812,1954558.47519886,294456216.027832
"418",2040-10-01,166.874567919972,1474088.73231343,130464503.613281
"419",2040-11-01,437.058935561348,1280234.50173953,127724813.415527
"420",2040-12-01,73.7270448072242,1209057.16133887,199537764.559937
"421",2041-01-01,221.559501671539,1167231.13858978,62542345.3411103
"422",2041-02-01,77.0866501046586,1158877.11461277,127082302.23999
"423",2041-03-01,48.9614544489294,1265446.97136352,95355466.671753
"424",2041-04-01,18.0485230733182,1371647.10242642,33984795.1234818
"425",2041-05-01,0.84788277920119,1671994.15624829,5289439.93293643
"426",2041-06-01,2.24719176113672e-05,1781363.098223,1501.80991510861
"427",2041-07-01,50.5205995982262,1946259.9441107,2061.69645813061
"428",2041-08-01,133.601896389038,2150688.80872885,725921.705290676
"429",2041-09-01,226.831071540128,1985051.0899542,7493200.9487629
"430",2041-10-01,223.170865120937,1652499.89252599,12641389.2801225
"431",2041-11-01,39.0129027385536,1364175.98350323,4129267.37596392
"432",2041-12-01,448.639632442691,1231164.30960511,1710858.57641995
"433",2042-01-01,160.558473428905,1086815.49487847,573014.412298054
"434",2042-02-01,380.432041130901,1172837.52894717,7475814.13580775
"435",2042-03-01,302.98008254451,1213504.17253107,139861608.64563
"436",2042-04-01,47.1891656297947,1382835.12218404,161913689.483643
"437",2042-05-01,64.6306068522928,1688682.05153717,49021003.0810118
"438",2042-06-01,2.23978664772615,1773409.06924099,16785843.3568955
"439",2042-07-01,46.606001016461,2008201.65327386,260907.567236759
"440",2042-08-01,237.179688904378,2176550.01707874,1825661.39433292
"441",2042-09-01,87.1059092757156,1854650.13706744,33703457.9802275
"442",2042-10-01,66.9878421649614,1682710.07361382,1904724.14159118
"443",2042-11-01,49.1756885595408,1391055.88245048,547176.58802843
"444",2042-12-01,420.522094092725,1221089.01920166,27317786.7767257
"445",2043-01-01,513.555965807516,1270724.04405326,321922606.420898
"446",2043-02-01,228.208393831763,1124066.05796427,183560371.435547
"447",2043-03-01,646.364591159111,1352707.71620501,647118050.537109
"448",2043-04-01,17.4844780446356,1375087.01308461,220601014.274597
"449",2043-05-01,0.879357288562259,1691181.78945031,47608013.3107424
"450",2043-06-01,2.81189975176774,1740886.3432802,44220162.1302366
"451",2043-07-01,37.1986328001611,1928547.1937073,38829577.7933479
"452",2043-08-01,678.958078651255,2457082.53200594,160418716.527557
"453",2043-09-01,47.3608967394154,1861759.36833572,199492678.070068
"454",2043-10-01,55.0726650914287,1645160.88185724,92143282.2418213
"455",2043-11-01,103.465063296168,1212901.08690391,48211294.9630737
"456",2043-12-01,197.90496345401,1179811.49053071,170879591.546631
"457",2044-01-01,153.516225781504,1215064.79862588,112668422.113037
"458",2044-02-01,327.720356090033,1187016.20246908,89560021.1517334
"459",2044-03-01,234.001278360394,1345526.5088412,287100426.928711
"460",2044-04-01,22.6568881010793,1453091.14632809,134061055.718994
"461",2044-05-01,21.3013151111697,1735387.09098854,41400650.7697821
"462",2044-06-01,13.4746496114469,1739401.43085314,19126601.7671585
"463",2044-07-01,229.200726677846,2103015.31565041,5587930.47934771
"464",2044-08-01,48.3913063916641,1901895.09503153,44239315.3060913
"465",2044-09-01,26.3284118411076,1801300.08258563,4532159.49144317
"466",2044-10-01,309.026564893375,1777330.0215956,22979294.3634152
"467",2044-11-01,218.678042200172,1113635.01560865,70508142.2790526
"468",2044-12-01,225.365997999639,1226393.18850447,82421985.2233887
"469",2045-01-01,447.528503422146,1195188.12958823,206902455.715942
"470",2045-02-01,193.214840763048,1190735.30758222,159900010.070801
"471",2045-03-01,212.543170244227,1342146.53002117,157631509.423828
"472",2045-04-01,58.833789967973,1470597.33716378,96326079.9121856
"473",2045-05-01,1.28893371423276,1703732.25247324,29844136.7930889
"474",2045-06-01,76.4854934608833,1791787.72341291,10571637.538147
"475",2045-07-01,105.601757685001,1925861.40434532,1866920.25208238
"476",2045-08-01,340.902121202732,2372851.32663982,321301.671683625
"477",2045-09-01,28.4924496637964,1858559.74383887,19226393.0822521
"478",2045-10-01,70.4182385894079,1752731.76786036,192858.711538464
"479",2045-11-01,414.849991838272,1418144.27947206,14319856.7270637
"480",2045-12-01,182.151159656848,1274900.07457064,70347198.1201172
"481",2046-01-01,89.9217726864709,1178966.80270974,157922252.655029
"482",2046-02-01,518.160236031068,1203203.98103918,147473337.359619
"483",2046-03-01,77.4463790236801,1300901.22011593,155125201.464844
"484",2046-04-01,21.5009049964842,1415337.55763747,94212198.0697632
"485",2046-05-01,2.92126245818285,1715700.27605816,18769237.7532363
"486",2046-06-01,15.8703589807424,1778773.67022507,4284557.46367145
"487",2046-07-01,159.440546949041,2225997.87355522,6398856.63558199
"488",2046-08-01,319.973948778616,2396788.85641006,95504193.7179566
"489",2046-09-01,77.3099390402053,1942314.79485648,157165036.798096
"490",2046-10-01,408.238400654241,1740692.3978181,79434635.40802
"491",2046-11-01,67.5847912218927,1393529.72624566,132538317.1875
"492",2046-12-01,840.554107749039,1205111.3159648,157940893.103027
"493",2047-01-01,57.3554533132605,1155632.83409618,640600445.983887
"494",2047-02-01,92.8519561877537,1195409.19362154,229720286.480713
"495",2047-03-01,733.16885569342,1437483.11656043,216645657.769776
"496",2047-04-01,315.216679388278,1565371.16610596,538398652.148438
"497",2047-05-01,18.2655587987109,1706243.23551502,225775004.919434
"498",2047-06-01,0.498034350776822,1767211.97310935,62221396.9619751
"499",2047-07-01,42.9820260494218,1907920.09524649,46950331.8929672
"500",2047-08-01,383.719134294858,2371622.24086629,58531791.8226242
"501",2047-09-01,175.405681872091,2051705.37159153,146018329.211426
"502",2047-10-01,204.109667200079,1875147.59392761,132388905.212402
"503",2047-11-01,172.709930833473,1194583.70169561,109350381.994629
"504",2047-12-01,372.163729077298,1201298.89724136,120195510.342407
"505",2048-01-01,131.080433489174,1297330.32538107,193733754.400635
"506",2048-02-01,527.635915574987,1220514.60400754,133485267.86499
"507",2048-03-01,279.270361866537,1307331.00695581,457077597.692872
"508",2048-04-01,43.5624249530026,1332816.7651552,168729005.950928
"509",2048-05-01,24.7513332450066,1760459.86819624,66205518.75
"510",2048-06-01,3.1053626742709,1735710.91411541,33810666.333425
"511",2048-07-01,324.987189071466,2341173.10862127,17670262.2844845
"512",2048-08-01,141.896798053791,2067156.6751459,239201233.154297
"513",2048-09-01,155.726279975437,2077327.86990643,275214200.317383
"514",2048-10-01,266.522435909953,1671445.27092819,128548305.587769
"515",2048-11-01,54.7555374381631,1210705.64907148,127938481.237793
"516",2048-12-01,269.071386270198,1274348.0662235,175472494.573975
"517",2049-01-01,175.143635798309,1306253.15528431,138409137.762451
"518",2049-02-01,208.300457040988,1085671.65760969,65432420.0408935
"519",2049-03-01,80.6015907344146,1455836.33344953,57937239.1159057
"520",2049-04-01,19.8607408166272,1487189.20889975,48303071.8750477
"521",2049-05-01,85.3958568270196,1696250.42970766,17385020.3430176
"522",2049-06-01,0.402740074986402,1703512.39238643,6710105.54857123
"523",2049-07-01,26.6744003373021,1963023.0483432,3380.88411111385
"524",2049-08-01,57.9704928011499,2027467.187039,7891521.86850873
"525",2049-09-01,8.38875893892478,1860802.88146428,644207.107708231
"526",2049-10-01,14.5163563580859,1706512.00930314,103265.024821507
"527",2049-11-01,123.203066494321,1191657.66997094,132217.217466468
"528",2049-12-01,332.057405203232,1123222.72698011,21696724.2639363
"529",2050-01-01,696.286529725039,1251015.2038734,538041088.696289
"530",2050-02-01,135.138173340032,1073613.51531662,218444583.856201
"531",2050-03-01,258.714936130175,1328461.25446331,265286991.467285
"532",2050-04-01,12.0096495096195,1306492.49123728,179570853.417206
"533",2050-05-01,40.391791261045,1606512.60097682,52132956.3188553
"534",2050-06-01,0.261818900716028,1734149.97447364,30631781.5674931
"535",2050-07-01,86.1753514707187,1963754.01860192,16694454.2391568
"536",2050-08-01,60.7241964072473,1972627.14416739,28123599.5658875
"537",2050-09-01,41.2312786620479,1958662.43380863,16762538.8630629
"538",2050-10-01,89.025107787908,1555392.32994297,7704687.25109696
"539",2050-11-01,13.9797936985229,1298605.27569224,1226469.77556646
"540",2050-12-01,235.467119465369,1273306.2850816,19263918.2272151
"541",2051-01-01,484.0145032401,1310146.60439391,170864387.85553
"542",2051-02-01,299.233782425045,1181829.91748281,254364242.651367
"543",2051-03-01,115.048190234406,1421541.04626911,226013688.94043
"544",2051-04-01,62.0504662510579,1386068.22659469,206749908.929443
"545",2051-05-01,7.25591359023043,1692821.9493191,61623383.0887557
"546",2051-06-01,8.15609500041755,1746640.83281801,22136209.70213
"547",2051-07-01,20.1723537559308,1894666.39986037,6031599.95182247
"548",2051-08-01,378.394165550017,2440303.69894778,42423670.5127425
"549",2051-09-01,134.731648185641,2048721.38199197,135517524.856567
"550",2051-10-01,28.4559317449135,1539046.36049165,61553180.6213378
"551",2051-11-01,8.43799627981029,1224090.18203143,35763000.416565
"552",2051-12-01,138.044597089206,1128254.46979178,10297502.1281898
"553",2052-01-01,494.810010889409,1349532.82276499,245498228.049803
"554",2052-02-01,445.634550647976,1213656.11121695,273071314.764404
"555",2052-03-01,235.389300746387,1488984.31337027,336585065.844727
"556",2052-04-01,23.949108061171,1464573.82228194,136096084.14917
"557",2052-05-01,51.7246234644642,1764639.91738636,52515862.4825478
"558",2052-06-01,6.97012309302904,1838062.20261186,50296868.5354649
"559",2052-07-01,668.31149027144,2491069.49959762,220779699.263477
"560",2052-08-01,979.3929934616,2573002.680106,435627003.240967
"561",2052-09-01,78.2137590097023,2020125.36457282,984638071.142578
"562",2052-10-01,42.8675491431378,1720996.1208897,151263098.822022
"563",2052-11-01,75.7852716165754,1227059.29719364,112869204.620361
"564",2052-12-01,207.452219654227,1193684.55467503,126035980.636597
"565",2053-01-01,174.163565900979,1259952.44473256,64441060.0158691
"566",2053-02-01,231.387986879438,1198274.21562583,90219930.9631348
"567",2053-03-01,21.5318430107893,1604233.70167087,96497154.6020508
"568",2053-04-01,127.753947728329,1530255.53745607,42326936.3900185
"569",2053-05-01,19.7081535330335,1724335.50017134,24855282.8969479
"570",2053-06-01,3.91281873417654,1756346.27668741,4412131.20151148
"571",2053-07-01,155.253936123566,1998557.76631743,3461708.64514746
"572",2053-08-01,436.657534812551,2190212.64595166,46572734.5131884
"573",2053-09-01,56.0378816552896,1866506.97919096,168925843.556213
"574",2053-10-01,102.441260142105,1902156.03554964,39424848.2357025
"575",2053-11-01,72.5239908982181,1335818.37548423,67082329.8248291
"576",2053-12-01,93.2316977113028,1272583.37924375,68856291.6229248
"577",2054-01-01,21.115580557951,1267705.01072043,13789725.0953436
"578",2054-02-01,36.0953688591208,1080579.95725432,12205008.768779
"579",2054-03-01,167.181032564096,1308481.88004704,2466204.60450947
"580",2054-04-01,29.4485018693962,1425707.99617601,424478.215743229
"581",2054-05-01,4.41362747064908,1653434.57456229,9039.53212119522
"582",2054-06-01,2.78156984483361,1675764.74782891,55504.5941959542
"583",2054-07-01,10.4904613947978,1850784.06838741,16298.8050439395
"584",2054-08-01,397.784071954724,2069201.89683315,553320.487757028
"585",2054-09-01,39.5379863033314,1895301.88371414,4786821.99163064
"586",2054-10-01,142.035266088468,1645155.39191434,14129.3097183807
"587",2054-11-01,302.675680372432,1371474.50116709,167328.972214367
"588",2054-12-01,41.0215629674296,1325215.47000464,35542613.1804943
"589",2055-01-01,20.0055553910868,1301887.69450921,3054353.38321924
"590",2055-02-01,172.579242051881,1113342.285255,450983.638230711
"591",2055-03-01,95.681488010664,1379690.28638838,2138152.77898628
"592",2055-04-01,19.4074725795619,1475961.96724104,748869.163666398
"593",2055-05-01,0.14649344743961,1639741.75311701,669.408339160327
"594",2055-06-01,5.69317628214183,1684567.05733697,1497.17295407262
"595",2055-07-01,54.2862284510386,1841316.51886738,92.2405701281718
"596",2055-08-01,244.996127665147,1975796.78002696,994369.07003863
"597",2055-09-01,51.9077806103064,1807668.08486293,64928.4896461176
"598",2055-10-01,204.353803271479,1673702.03832435,6424084.4296217
"599",2055-11-01,177.393299164359,1311069.95486142,47510111.4807129
"600",2055-12-01,234.385009083453,1253102.9812238,11372464.4256363
"601",2056-01-01,137.216860289097,1224892.69935706,44249464.2219544
"602",2056-02-01,89.0277611059116,1067109.69581557,69336631.8237305
"603",2056-03-01,76.2441435911895,1395094.96747296,63073259.8983765
"604",2056-04-01,45.2901570275772,1362792.78904104,6446246.0184183
"605",2056-05-01,61.5534494336835,1716364.76320424,66150.8709808986
"606",2056-06-01,0.277364645128999,1702566.24944196,1744.70517110509
"607",2056-07-01,75.7164096027439,1987791.14589245,97402.7708612919
"608",2056-08-01,813.718573157378,2632780.8762541,30549042.5806671
"609",2056-09-01,140.050732723718,2113410.37942962,256243674.847412
"610",2056-10-01,66.1168918626957,1809135.4193357,145120369.262695
"611",2056-11-01,357.529227913997,1341703.22067694,98755345.8435059
"612",2056-12-01,536.398205062384,1334486.31008014,411873466.168213
"613",2057-01-01,62.7617458184181,1248553.31492278,172251192.370605
"614",2057-02-01,76.8228773483934,1202262.92350808,55804531.822586
"615",2057-03-01,120.351238843341,1385940.79767445,46675351.5792847
"616",2057-04-01,3.67076746319776,1490530.66985125,77722951.6708374
"617",2057-05-01,0.542636525597291,1716455.87645208,27828415.1836395
"618",2057-06-01,7.68327943343855,1807574.41592829,3491074.54558164
"619",2057-07-01,35.976686523637,1907134.69055712,41047.4715200253
"620",2057-08-01,118.685955856322,1935089.37552098,59848.4004332219
"621",2057-09-01,158.992503804816,2133789.71541489,802273.747640848
"622",2057-10-01,93.8888769458308,1813292.99121981,260062.505867891
"623",2057-11-01,302.535767058532,1406965.22255224,255400.47451146
"624",2057-12-01,204.337362600521,1354331.20442725,39540761.0595703
"625",2058-01-01,102.801351421853,1301133.66898197,61727069.5037841
"626",2058-02-01,130.508578249725,1133375.01931183,52871165.0024414
"627",2058-03-01,180.715060540792,1330420.18199592,44843486.3250732
"628",2058-04-01,0.832044554470234,1523512.7978269,26407337.7577283
"629",2058-05-01,7.14255860256355,1763414.31229534,2544.33173445286
"630",2058-06-01,4.85804511403576,1767270.11006547,97.6490522967651
"631",2058-07-01,635.937642803256,2022448.51629,199058.221419028
"632",2058-08-01,406.947809645826,2263659.75134669,102369514.376137
"633",2058-09-01,216.562214338894,2101789.40565578,152121679.541016
"634",2058-10-01,86.5219657916403,1810042.15641978,137108287.353516
"635",2058-11-01,120.523917305539,1319887.74038821,93578107.0495605
"636",2058-12-01,140.344601497039,1294874.80801172,95206862.7685547
"637",2059-01-01,54.2302749916065,1227846.73300219,67885078.3126832
"638",2059-02-01,76.4358972840915,1025718.54043774,38530857.4859619
"639",2059-03-01,700.190069245299,1513969.59552904,226685965.53955
"640",2059-04-01,82.6757980384896,1484620.98278907,425272162.280274
"641",2059-05-01,0.280273597697318,1643904.70764547,127608799.726868
"642",2059-06-01,6.64512583865593,1829078.6049976,31830261.2272522
"643",2059-07-01,64.3356139897638,1904178.71307544,9523924.11515873
"644",2059-08-01,423.779257213791,2163649.24444553,183418.217552866
"645",2059-09-01,101.242402754477,1861632.08561683,121625925.650024
"646",2059-10-01,6.98602600710465,1613751.4916443,64744965.4174804
"647",2059-11-01,358.433171635805,1328702.7205303,41205788.3056641
"648",2059-12-01,3.57315904845486,1333086.77327476,93666366.2658692
"649",2060-01-01,93.872151250779,1147927.3388452,21115192.7573204
"650",2060-02-01,216.330052139633,1126509.11191704,19489415.8525955
"651",2060-03-01,69.249062064561,1341611.38070672,40580230.2017211
"652",2060-04-01,10.5168861119905,1410530.61291682,6751509.35346829
"653",2060-05-01,3.7686421199274,1685996.27659324,6138.72167883092
"654",2060-06-01,4.04172838457094,1818171.33217251,227.597605990377
"655",2060-07-01,114.375083456754,1893702.6685341,19615.2343232163
"656",2060-08-01,364.777769932297,2094320.14574595,293479.464112292
"657",2060-09-01,44.2671140400637,1874271.30104273,2893603.58416336
"658",2060-10-01,34.2319069702795,1707482.95105423,142215.872660576
"659",2060-11-01,764.454117853272,1519111.43368165,26705439.9365544
"660",2060-12-01,53.255200879923,1156956.87951984,73642922.5341796
"661",2061-01-01,317.204577743976,1200238.68013882,17344854.5986176
"662",2061-02-01,21.2779290251547,1044866.52432483,20204818.6706543
"663",2061-03-01,99.2228065953486,1324817.57622711,2742274.38546717
"664",2061-04-01,48.6000533409828,1332100.72376173,630444.384973281
"665",2061-05-01,0.377064542925817,1721646.90505344,148.142184020139
"666",2061-06-01,0.376161515862164,1674923.09220919,70.7058967730517
"667",2061-07-01,48.9267207821169,1966898.81223134,34684.2703443612
"668",2061-08-01,4.45621767777673,1946551.16601857,486741.658902169
"669",2061-09-01,170.258265553437,2010656.87774695,190863.087830512
"670",2061-10-01,235.554202155,1629756.69912648,35139194.0802276
"671",2061-11-01,142.164461294871,1229212.88717768,69891923.1445312
"672",2061-12-01,266.561739000964,1265608.83563821,70342659.4207764
"673",2062-01-01,215.044055051242,1256024.09515013,75672845.2880859
"674",2062-02-01,460.083173705211,1192853.13865593,141239893.798828
"675",2062-03-01,240.739358488713,1529479.97991884,316921295.434571
"676",2062-04-01,67.9230472109664,1489109.81710543,337712657.794189
"677",2062-05-01,9.85815989101418,1665167.38853354,92250337.9257202
"678",2062-06-01,65.3959625733385,1921304.40122,29278168.7083125
"679",2062-07-01,270.047327244857,2020224.10721034,62426694.4755078
"680",2062-08-01,80.0731124328936,1992969.81232635,22580264.5432234
"681",2062-09-01,110.510787432689,2042266.30101668,19309205.702877
"682",2062-10-01,215.03788494509,1820791.19831733,29401240.8888817
"683",2062-11-01,60.4780343176257,1333622.86089922,39451296.0056663
"684",2062-12-01,344.598054055125,1266125.31775663,41549843.8560247
"685",2063-01-01,358.301021545488,1268548.58361557,288262831.14624
"686",2063-02-01,135.198160749133,1150812.29486622,142501504.559326
"687",2063-03-01,405.02302667592,1475082.74874926,188423754.180908
"688",2063-04-01,144.012025254576,1477664.46381606,215265877.020264
"689",2063-05-01,10.9605206775102,1676901.72097051,97599910.308838
"690",2063-06-01,12.9664163348085,1801215.56231944,25795662.8763825
"691",2063-07-01,87.2899613363967,2054294.95870327,4791123.7124477
"692",2063-08-01,186.57423091371,2129591.39224601,17888015.756607
"693",2063-09-01,159.978866045378,2146101.00875071,51306961.4524841
"694",2063-10-01,240.513912912662,1852407.88590965,21091124.6804238
"695",2063-11-01,663.41786935784,1607906.63755866,219942616.569901
"696",2063-12-01,380.192563454255,1169568.20471967,705036387.634277
"697",2064-01-01,279.014618869494,1161026.5725241,297258842.39502
"698",2064-02-01,36.3248956871663,1128496.73666373,228391134.521484
"699",2064-03-01,82.2758867798319,1392814.02029107,123314209.909058
"700",2064-04-01,8.15986755769897,1369942.59109598,57700378.3035279
"701",2064-05-01,0.91171089553921,1708534.46127278,36273379.5078277
"702",2064-06-01,0,1779569.56453677,24103317.7589893
"703",2064-07-01,7.0219560037012,1885408.31023133,9895577.29268074
"704",2064-08-01,49.7661129047945,1970869.29097974,6855939.92443084
"705",2064-09-01,202.026814950291,2028234.20425923,8749217.19653607
"706",2064-10-01,180.284805225868,1667104.23521073,46931845.9144592
"707",2064-11-01,44.7225880647683,1432470.78047497,51757310.2752685
"708",2064-12-01,340.088212900216,1295079.5437969,107793526.217651
"709",2065-01-01,302.872118034042,1260104.15443803,103948712.62207
"710",2065-02-01,694.37865070723,1198164.73086901,106307367.214966
"711",2065-03-01,293.979982711069,1509332.67580919,145837705.24292
"712",2065-04-01,37.6856621658531,1465191.88218485,258009815.478516
"713",2065-05-01,7.66857969244856,1780906.67995539,63277072.9276657
"714",2065-06-01,0.000328167711444313,1699616.94928203,15215349.7063246
"715",2065-07-01,205.429740382504,2149063.71560022,9476108.17587432
"716",2065-08-01,101.314740808045,2064625.63173674,66881448.1109619
"717",2065-09-01,327.67423855807,1954733.83515285,40646783.0120087
"718",2065-10-01,0.0298372567826658,1723277.91239696,111601715.29541
"719",2065-11-01,119.502265178136,1393363.2949828,88772818.963623
"720",2065-12-01,134.40664546849,1205908.77068945,109223209.011841
"721",2066-01-01,52.6684640371925,1306587.64026746,79165449.1241455
"722",2066-02-01,113.052245319379,1164538.06689444,43931261.6867066
"723",2066-03-01,13.7762012139251,1411151.92317479,30840718.1121826
"724",2066-04-01,32.3270431617814,1567232.87693971,7050492.26178601
"725",2066-05-01,1.61775296414067,1578130.22722357,35369.9295344297
"726",2066-06-01,0.0792441794058299,1791912.90553098,271.872903459007
"727",2066-07-01,192.245791297127,1947173.61954663,422546.12500986
"728",2066-08-01,235.017199209092,2157486.78604943,4978864.89652991
"729",2066-09-01,93.0822867980522,1898813.39827726,51607.8542994918
"730",2066-10-01,89.4476523574174,1545193.17110946,1820638.68095689
"731",2066-11-01,432.555282477647,1286016.03251607,17082118.8529269
"732",2066-12-01,108.592996533368,1291793.29955647,18386213.2083714
"733",2067-01-01,228.039137093094,1262033.37695484,11061122.6031303
"734",2067-02-01,148.259674682186,1197053.67529837,47007214.4805908
"735",2067-03-01,309.112809422475,1424445.9231437,30546954.0020943
"736",2067-04-01,50.1275709696305,1296652.12380193,48447503.3987045
"737",2067-05-01,6.85604137605872,1571613.44962434,1466865.49339542
"738",2067-06-01,3.37142525124009,1644433.64362027,71.9653888216272
"739",2067-07-01,493.438842434079,1948094.02729075,1634481.01232315
"740",2067-08-01,101.195500943532,1871296.80424228,24342.690753343
"741",2067-09-01,251.089484511503,1947664.28951407,13868244.6949075
"742",2067-10-01,69.1974951015828,1592710.21636657,31627307.4331283
"743",2067-11-01,190.844091573143,1508268.80867682,15313351.7407894
"744",2067-12-01,118.997816767483,1114507.45090458,4370809.17321146
"745",2068-01-01,31.9692017107776,1216873.66533743,356150.959226489
"746",2068-02-01,59.2910920270206,1294295.07155084,78899.2303188193
"747",2068-03-01,184.637016210928,1445784.3990659,467310.36292038
"748",2068-04-01,92.1458417683363,1533783.74333044,888686.408042908
"749",2068-05-01,24.3940999527002,1818802.12309203,31042.7062779316
"750",2068-06-01,38.667549189628,1784311.08285099,60167.9977083346
"751",2068-07-01,91.2395993096109,1853595.24326313,10879.7373340465
"752",2068-08-01,323.510988942477,2344494.72710893,6337261.13996683
"753",2068-09-01,172.924128677654,1884704.95746604,1085767.41937101
"754",2068-10-01,65.8711717477362,1593945.07325712,805460.857813061
"755",2068-11-01,5.67264729420189,1420803.90967832,4575358.51401687
"756",2068-12-01,41.9783346542085,1302813.54637486,391847.308275104
"757",2069-01-01,323.018043761128,1203594.62217209,45496467.5039291
"758",2069-02-01,285.024949585644,1228793.1650124,67115430.2032471
"759",2069-03-01,330.878182614778,1431075.77677764,45547134.6862793
"760",2069-04-01,62.1526512262934,1291646.95325991,58889586.8888855
"761",2069-05-01,0.796145853840248,1782986.3054889,779586.298560351
"762",2069-06-01,5.36379367571384,1778897.97531192,1108.30114322462
"763",2069-07-01,80.4914170508989,1814627.21597032,100.693008920805
"764",2069-08-01,208.898881144016,2114793.99607186,248404.570411178
"765",2069-09-01,47.8551799397553,1948840.40988645,20936842.603337
"766",2069-10-01,74.8241625116538,1781602.58715436,1021574.94558692
"767",2069-11-01,94.4973028080599,1256202.15652177,1200941.3201056
"768",2069-12-01,110.879578751953,1145363.5954954,1714769.55912933
"769",2070-01-01,104.814520645256,1226327.19535244,119006.458337512
"770",2070-02-01,111.160605770387,1132836.54411578,447766.812649369
"771",2070-03-01,392.943834018418,1350710.16275511,9130487.53373624
"772",2070-04-01,231.143242301993,1419323.86211738,40356770.8162308
"773",2070-05-01,12.0002159048147,1764431.73757169,2938597.28979156
"774",2070-06-01,0.144043442445667,1622558.05271347,285.592437329092
"775",2070-07-01,54.8030222945725,1879434.86257903,2500.79213813502
"776",2070-08-01,263.236413302154,2209813.31902471,3588991.53501392
"777",2070-09-01,140.221326979538,2013922.7245624,43835079.8978805
"778",2070-10-01,53.1301758728003,1695936.96542093,32028290.0058747
"779",2070-11-01,418.461172377452,1237331.14438671,61583224.7749328
"780",2070-12-01,245.308445576761,1161902.84828598,69420187.2367859
"781",2071-01-01,184.735293356553,1154943.39740989,111926150.395203
"782",2071-02-01,113.695077058602,1193556.8245315,132134661.33728
"783",2071-03-01,280.522473381885,1397825.16255014,68832443.9849853
"784",2071-04-01,3.59762448082483,1400611.70146276,72555508.6578368
"785",2071-05-01,0.425540510890688,1580735.84266296,6319994.82506183
"786",2071-06-01,0.258283564689328,1572674.99551652,1206.76638901932
"787",2071-07-01,558.282789770188,2192883.24270778,11608419.3918023
"788",2071-08-01,429.186837645186,2508109.11630505,53778339.6240234
"789",2071-09-01,92.8020161842981,1879429.15669016,66791086.2350464
"790",2071-10-01,92.0027007802097,1672360.05546322,6100264.06118609
"791",2071-11-01,246.960743398709,1438593.77665177,3396195.94053905
"792",2071-12-01,405.600940374702,1238963.83591338,50095247.9061127
"793",2072-01-01,421.179336021499,1166745.27281024,384684288.848878
"794",2072-02-01,12.5111508318031,1376268.05847855,227157733.026123
"795",2072-03-01,143.683802592623,1333185.48200867,173908255.984497
"796",2072-04-01,7.46631199102832,1397397.51043707,65502753.5144806
"797",2072-05-01,0.000333344781382731,1723969.08540117,19094269.894731
"798",2072-06-01,0.276332367757115,1748365.68648741,5057369.06230668
"799",2072-07-01,65.3213084329371,2010701.88897756,238223.588081868
"800",2072-08-01,55.7902114650854,1895566.5303308,30784984.2945098
"801",2072-09-01,87.3389245345995,1986369.84295004,17537109.2079408
"802",2072-10-01,19.8405194441417,1727987.01423254,3985895.19087822
"803",2072-11-01,8.46927549784366,1262935.23868555,116706.9597736
"804",2072-12-01,279.651528329508,1260005.25948821,3931224.28955845
"805",2073-01-01,1068.55508177889,1319649.0047503,430089005.332947
"806",2073-02-01,300.30729288086,1204857.27796552,1067890300.92773
"807",2073-03-01,96.1078599058586,1302449.41771893,474858743.994141
"808",2073-04-01,26.7485003779446,1457111.35444114,182330897.827149
"809",2073-05-01,141.082600205947,1807546.91794067,96555368.0786133
"810",2073-06-01,57.6698265099517,1908295.34437585,142539649.475098
"811",2073-07-01,499.461508929023,2388903.01462798,233720244.834137
"812",2073-08-01,47.2375971154592,1973105.0008343,482194168.066406
"813",2073-09-01,21.2836442288823,1825090.45822372,187271924.688721
"814",2073-10-01,121.43926661983,1618928.1216356,56734964.9711609
"815",2073-11-01,383.935416152095,1614772.79003142,396250257.128906
"816",2073-12-01,211.397234927,1148228.26994363,261983104.431152
"817",2074-01-01,26.6739629777925,1194802.42561368,149461681.036377
"818",2074-02-01,229.527658683651,1244420.82798113,68632224.1287232
"819",2074-03-01,237.710152812791,1356834.07432817,86530086.6394044
"820",2074-04-01,39.3910608032758,1360138.5202464,144298341.540527
"821",2074-05-01,3.32245323166849,1761055.04148011,56180813.8046265
"822",2074-06-01,19.0829302123857,1820421.665649,25659209.0569496
"823",2074-07-01,64.6072627474836,1931019.32084872,19246457.104826
"824",2074-08-01,584.110832641956,2428976.30746269,230057514.466095
"825",2074-09-01,280.496230795129,2154616.57621848,301968361.560058
"826",2074-10-01,376.049520920965,1877242.71781369,479174648.510742
"827",2074-11-01,74.655646732778,1336024.3264171,228831696.936035
"828",2074-12-01,208.598038058096,1205604.92461022,131132017.721558
"829",2075-01-01,528.885189201021,1334203.99312219,388893840.490723
"830",2075-02-01,46.5025194710451,1190634.41683082,356988806.323242
"831",2075-03-01,253.330865266543,1432981.36469021,186855032.263184
"832",2075-04-01,9.02946409779036,1623475.38174368,255472736.187744
"833",2075-05-01,2.6282645233353,1819399.40587967,69983707.5817108
"834",2075-06-01,22.6484696748209,1837272.64959373,41200005.9556961
"835",2075-07-01,70.8976207649237,1941337.54140833,29653243.009758
"836",2075-08-01,241.874671545156,2240738.18803206,43383849.3553162
"837",2075-09-01,79.1176912398689,2013015.86670421,74323335.2233886
"838",2075-10-01,39.9641039798072,1693658.29500068,25899928.8848877
"839",2075-11-01,398.892710387375,1498873.12706066,43353730.2560806
"840",2075-12-01,61.9998166803137,1243595.52304237,153937511.691284
"841",2076-01-01,505.629052266783,1266173.68628128,58978228.9443969
"842",2076-02-01,219.638526174741,1265884.23738645,313713023.895263
"843",2076-03-01,140.125799160929,1500754.71635648,149325457.763672
"844",2076-04-01,15.5100252209519,1435561.48344472,107174916.897583
"845",2076-05-01,1.70948053401079,1684142.77320556,37643452.1912277
"846",2076-06-01,0.0365428550087327,1842519.40591949,15053442.7062375
"847",2076-07-01,110.407736510746,2084146.72395516,17508733.8581085
"848",2076-08-01,327.314966377805,2219592.85048012,83621994.2001342
"849",2076-09-01,222.018190658625,2132768.37672007,186520065.985107
"850",2076-10-01,124.739637842563,1748879.08833164,117374356.576538
"851",2076-11-01,126.581976178409,1420639.54817637,147420042.681885
"852",2076-12-01,90.126414623116,1376086.45178695,137366001.150513
"853",2077-01-01,425.124517958029,1467932.03768234,171965030.809021
"854",2077-02-01,140.680886077027,1213483.36003857,162839731.80542
"855",2077-03-01,97.193158130792,1464145.00209784,104466954.91333
"856",2077-04-01,35.2834936786731,1443290.77597203,112852453.134155
"857",2077-05-01,4.833773539306,1757016.56051992,34400428.4199
"858",2077-06-01,0.16502031794603,1829825.62682367,10701140.9044244
"859",2077-07-01,268.060007151143,1990226.32203866,1478115.37189926
"860",2077-08-01,741.91426525714,2511337.06986196,83877124.6255875
"861",2077-09-01,159.834640750968,2175210.83944826,535597474.658204
"862",2077-10-01,269.488834978621,1714780.62867728,240399920.43457
"863",2077-11-01,72.6823212777046,1220712.81063829,105100946.438599
"864",2077-12-01,0.128971888047269,1211401.27206579,81676183.8867187
"865",2078-01-01,78.6321961977224,1164053.00112717,29520271.094513
"866",2078-02-01,468.901715213444,1266005.57742121,58707074.3911743
"867",2078-03-01,158.81348762007,1412108.24317179,137577908.056641
"868",2078-04-01,47.3225649594152,1436575.7450511,116838458.404541
"869",2078-05-01,58.1163720190042,1787778.67283335,28212248.799634
"870",2078-06-01,0.00105774530759629,1842860.50910788,5707078.66700851
"871",2078-07-01,481.10239087448,2038209.82368099,225688.588245213
"872",2078-08-01,122.198627788559,2028157.73590605,5285802.83884406
"873",2078-09-01,284.211112585074,2125355.72614576,10107013.2058494
"874",2078-10-01,665.570384062251,1956393.94390055,37827760.6367111
"875",2078-11-01,65.9828400283936,1375062.87785776,287520461.663818
"876",2078-12-01,28.9628127302053,1215044.74722182,144764829.450989
"877",2079-01-01,146.633468891544,1149198.29727356,78770630.154419
"878",2079-02-01,160.841508097775,1245920.06686951,134422604.736328
"879",2079-03-01,437.952834979846,1510766.86897334,269668956.00586
"880",2079-04-01,12.5720487721181,1441691.49720071,208288026.782227
"881",2079-05-01,24.0298001431722,1681216.71896876,45402739.3410624
"882",2079-06-01,3.91923521587891,1869024.76561543,15920674.0565075
"883",2079-07-01,121.715808251644,1936385.71212032,3372060.38835081
"884",2079-08-01,341.871439923564,2283245.49634087,1615848.72611132
"885",2079-09-01,60.1881263818497,1898243.38745518,30698113.3975268
"886",2079-10-01,155.580510129198,1751500.18347763,12735526.2204945
"887",2079-11-01,4.65972733507855,1264740.97140363,4446311.2759754
"888",2079-12-01,155.263418854929,1453925.54028931,22199304.3011025
"889",2080-01-01,174.549431854425,1362808.28230197,16746956.8839311
"890",2080-02-01,68.9074057404067,1225892.51387106,51249045.8839416
"891",2080-03-01,184.502105273611,1398057.08273143,48777698.2458115
"892",2080-04-01,35.0314526709454,1464539.2670563,3036957.4600339
"893",2080-05-01,0.704831923952148,1680512.33050297,281644.856464339
"894",2080-06-01,3.40414532882768,1738402.60959175,807.632923494386
"895",2080-07-01,19.9800395646216,1916757.11412686,5790.79825802764
"896",2080-08-01,66.7860935033478,2029301.03843045,416848.615734
"897",2080-09-01,106.829331521605,1956413.13396288,285478.787417948
"898",2080-10-01,118.802730113439,1749498.4055834,1028896.70225233
"899",2080-11-01,265.517392280161,1464214.46323443,9466894.80150444
"900",2080-12-01,374.690971918396,1325446.3938366,66912685.482788
"901",2081-01-01,194.323417957605,1323144.97016238,259097148.028565
"902",2081-02-01,245.753738606716,1165588.53218766,114400343.408203
"903",2081-03-01,116.7544756655,1431118.93770608,91321368.1457519
"904",2081-04-01,17.4124995168346,1563372.37136316,108620885.137939
"905",2081-05-01,68.6261917989862,1715823.15919059,31356884.8165512
"906",2081-06-01,0.240008245150844,1834832.62887951,19159407.6182663
"907",2081-07-01,58.8475069052937,1900577.97057512,57397.4112824544
"908",2081-08-01,803.286122051459,2402794.05205015,20716410.2671137
"909",2081-09-01,70.4488333100342,1979365.99125877,616559892.846679
"910",2081-10-01,12.5337861578271,1666629.6605745,133060093.856049
"911",2081-11-01,41.4925880444302,1567589.65381436,42491392.5849438
"912",2081-12-01,236.262443382482,1281898.04135778,77336738.2919311
"913",2082-01-01,151.328627882872,1136284.35884526,86022384.4665528
"914",2082-02-01,145.332066578675,1204179.73436176,170506404.217529
"915",2082-03-01,253.463752221058,1458620.39946744,133912893.054199
"916",2082-04-01,43.5392097169386,1466354.95828842,158590441.021729
"917",2082-05-01,20.3121627016723,1660363.53040937,60175209.9586487
"918",2082-06-01,0.000977902408432859,1773680.27531613,12928913.1987738
"919",2082-07-01,143.149637798707,2033318.36872662,490189.842047262
"920",2082-08-01,202.226424538753,2149378.06635966,23024101.5704289
"921",2082-09-01,127.760149841084,1953184.55553512,33111951.6462833
"922",2082-10-01,154.906310625948,1636851.6165626,30021423.220253
"923",2082-11-01,31.3304584299881,1363638.95285155,34581198.8325119
"924",2082-12-01,86.7791679782385,1332630.15039626,14414417.5499886
"925",2083-01-01,178.925208226682,1237139.91956665,3237364.25597817
"926",2083-02-01,25.8394026208125,1193182.8084047,11789828.0481398
"927",2083-03-01,219.453749543638,1425085.82950473,5964580.79809472
"928",2083-04-01,3.40420719144002,1361370.40933101,24886025.7446295
"929",2083-05-01,22.2375149026171,1684520.81440186,60840.5611117138
"930",2083-06-01,5.65961541644152,1814612.43967766,74577.4049247207
"931",2083-07-01,88.0954805392835,2012330.82597088,62934.7631671757
"932",2083-08-01,270.139072547945,2285009.41605803,32117006.5203667
"933",2083-09-01,49.6240591263639,1854958.6761166,23498057.0933943
"934",2083-10-01,25.1228909172402,1632297.25873814,147801.435198099
"935",2083-11-01,20.1841191398342,1330350.40764673,81512.7648400027
"936",2083-12-01,253.371351031669,1367365.7311046,764463.979236781
"937",2084-01-01,123.473160307096,1245391.49015393,4958841.10620618
"938",2084-02-01,592.201310748711,1167664.12606085,38202278.7758946
"939",2084-03-01,140.936404193844,1489687.50346125,161479160.211182
"940",2084-04-01,21.714220911349,1388094.14620051,62203800.4898071
"941",2084-05-01,3.94542191397308,1724580.38061861,5127378.98918381
"942",2084-06-01,55.7890696490013,1838000.5117467,551527.578437988
"943",2084-07-01,125.962280181798,2066099.63472573,439680.582739605
"944",2084-08-01,308.389085852207,2029425.19157632,1898247.54607376
"945",2084-09-01,47.4088278759323,1935919.78078468,56517295.1814651
"946",2084-10-01,66.7498579526676,1851201.32730854,8629687.69463897
"947",2084-11-01,192.552467524744,1362896.97549988,3500073.5065274
"948",2084-12-01,253.896122807016,1311781.83435895,55136604.720211
"949",2085-01-01,63.8253526610015,1154443.93973913,65621208.9385986
"950",2085-02-01,154.302390613089,1092171.59012465,43651098.9486695
"951",2085-03-01,31.580976239918,1272393.30839493,53468221.7010499
"952",2085-04-01,26.1923154539705,1451681.45249589,16247784.6465468
"953",2085-05-01,2.08713230726777,1781001.91831815,14373.5327564122
"954",2085-06-01,9.57579298334715,1759697.05896593,1044.87712629052
"955",2085-07-01,196.373810888118,2025740.80042835,12500.7014376962
"956",2085-08-01,175.456845307971,2013066.41077262,62553.1184962951
"957",2085-09-01,111.290641415701,1972649.55492545,67623.7379956059
"958",2085-10-01,135.944410656622,1604267.24155595,1207348.50410521
"959",2085-11-01,35.7601976836013,1357645.07684824,279568.857272796
"960",2085-12-01,290.038769290718,1226185.28411133,22481654.3796994
"961",2086-01-01,464.658388680431,1162485.73244424,139705388.044739
"962",2086-02-01,220.735450358006,1149503.93219,157107422.021484
"963",2086-03-01,71.0204519741645,1299367.2025785,123777462.359619
"964",2086-04-01,100.717051256992,1433594.39610419,85044890.3223038
"965",2086-05-01,45.5613764685274,1616748.00405833,14601886.0608101
"966",2086-06-01,1.92545343567656e-07,1717367.04327836,371555.784686585
"967",2086-07-01,29.9943378409157,1895223.3840006,1095.2108022524
"968",2086-08-01,88.0310694654142,1866743.21625417,189480.236894265
"969",2086-09-01,159.539888379309,2031853.1341091,964763.120362867
"970",2086-10-01,68.7967187507396,1743408.29990188,1071148.02105725
"971",2086-11-01,0.178029674148098,1279950.54209925,204415.034156107
"972",2086-12-01,85.2465291651986,1196303.48822914,345755.412544997
"973",2087-01-01,337.649403156549,1341192.80720312,23688799.6251002
"974",2087-02-01,222.755250949166,1144885.99781682,47105696.8734742
"975",2087-03-01,202.962729137492,1362730.10799747,51832438.4674072
"976",2087-04-01,112.375753806715,1384882.59616864,58097532.3760986
"977",2087-05-01,1.1561561004231,1684463.55239972,6127318.96182373
"978",2087-06-01,0.541664406233062,1779111.81164391,323.888699835562
"979",2087-07-01,137.760264749375,1995528.23453892,3922.65651594643
"980",2087-08-01,251.105490916448,2329574.86507713,9497293.43694002
"981",2087-09-01,174.320703688925,2113784.3385048,8836960.09256132
"982",2087-10-01,130.215170210125,1691830.61605342,5867985.35009623
"983",2087-11-01,8.67453236189164,1352350.52441747,61230442.9916381
"984",2087-12-01,353.811848758699,1415400.85989326,242490946.343994
"985",2088-01-01,111.778062659427,1253650.79936822,204771588.574219
"986",2088-02-01,432.551271999983,1167656.87297377,254548604.168701
"987",2088-03-01,110.194064122915,1253965.8525058,223585950.256348
"988",2088-04-01,21.5469980841251,1489632.67695235,144760954.3396
"989",2088-05-01,15.1451653150647,1708123.66030851,52709121.3523865
"990",2088-06-01,3.05028012048434,1719740.01048915,13999696.9106197
"991",2088-07-01,220.249293673157,1915335.2691029,399634.606702253
"992",2088-08-01,552.631072403704,2449411.34295824,2326033.34181234
"993",2088-09-01,135.435675398792,1949798.1721016,104748583.255005
"994",2088-10-01,138.574347905917,1638857.38409348,107037570.053101
"995",2088-11-01,268.086704964179,1313668.88078835,72214251.4160156
"996",2088-12-01,93.9972587016909,1235804.27101915,64430697.5463867
"997",2089-01-01,55.0688722601994,1290982.85519834,10116485.9817065
"998",2089-02-01,124.283869529497,1075039.54724012,4713007.44030476
"999",2089-03-01,92.1366509168921,1247819.71927442,9138202.98679769
"1000",2089-04-01,31.3441536711732,1418122.65245876,3031537.36253679
"1001",2089-05-01,0.60707382640862,1672537.95172458,187383.298094664
"1002",2089-06-01,1.40983399418019e-07,1701447.42909364,691.129881644156
"1003",2089-07-01,71.2037728178306,2026216.26951951,1296800.17219686
"1004",2089-08-01,342.425299818107,2242624.76624705,758395.733405789
"1005",2089-09-01,78.9091857223611,2013636.15078856,58379255.0216675
"1006",2089-10-01,196.444578867188,1682587.1604731,36891858.9076996
"1007",2089-11-01,58.7457439284957,1304401.42638081,52990631.5979004
"1008",2089-12-01,262.723803451402,1066744.97197059,108853564.855957
"1009",2090-01-01,51.2700751285539,1380499.60769687,80315443.8720704
"1010",2090-02-01,239.198419238089,1128280.23542216,161390094.65332
"1011",2090-03-01,61.0159151184699,1121939.03212707,73687174.420166
"1012",2090-04-01,56.0689528535138,1402101.98252114,52527663.7893677
"1013",2090-05-01,24.068014330566,1730703.95112961,5663485.91972594
"1014",2090-06-01,0.62225368679093,1756362.01591926,1017.27647687076
"1015",2090-07-01,43.507643713145,1993862.80672141,95323.5042563639
"1016",2090-08-01,734.509300432015,2446548.44279321,248058446.44661
"1017",2090-09-01,27.9886214922831,1886770.15872832,401100301.208496
"1018",2090-10-01,129.927212811328,1698982.23488069,112064659.16748
"1019",2090-11-01,234.830006329881,1239575.44710695,32733586.9548798
"1020",2090-12-01,195.297596373208,1250773.71723758,104512484.94873
"1021",2091-01-01,90.4841597683244,1399375.10866655,92327669.7143554
"1022",2091-02-01,20.7134313665296,1154213.4330531,25163973.941803
"1023",2091-03-01,23.6205243336429,1449628.23461091,5102463.76150846
"1024",2091-04-01,48.6794327275965,1492432.05354738,1326894.50268159
"1025",2091-05-01,16.917675639545,1722014.257442,15174.441572791
"1026",2091-06-01,8.49741526901197,1758763.01285922,820.021058851854
"1027",2091-07-01,60.0872242858873,1862118.09042163,455.900423187995
"1028",2091-08-01,62.4789007940901,1930715.32306348,423.082976782461
"1029",2091-09-01,274.337440803937,2220724.09269265,1614083.67821845
"1030",2091-10-01,123.927594004124,1691124.51190455,2645713.87862898
"1031",2091-11-01,117.304302925139,1257708.68445019,825867.68474607
"1032",2091-12-01,38.2945723074693,1314954.6984718,339896.117756702
"1033",2092-01-01,381.77222296057,1373776.96159456,95565432.6380966
"1034",2092-02-01,220.14315141659,1361638.41021068,110518225.845337
"1035",2092-03-01,177.315141504383,1400112.1393375,110538391.882324
"1036",2092-04-01,60.7801283301387,1459663.17869146,68333304.1442871
"1037",2092-05-01,1.23080197767399,1652388.35851902,13050318.2458206
"1038",2092-06-01,5.66786174726978,1744282.92478332,1339.54956610642
"1039",2092-07-01,155.886734586687,2041299.49629119,10603.9452849656
"1040",2092-08-01,563.193649891413,2312811.84398439,8051630.63473776
"1041",2092-09-01,97.0430734035651,1967310.37521888,377524446.514892
"1042",2092-10-01,94.3787064773598,1847067.20023828,149762278.015137
"1043",2092-11-01,65.3049431681722,1357656.11366596,56888160.9981537
"1044",2092-12-01,72.0182769473247,1135060.0597904,18788640.3310776
"1045",2093-01-01,265.324284780842,1285883.24691454,47421874.6147156
"1046",2093-02-01,442.237185601698,1215874.01841755,268046999.395752
"1047",2093-03-01,178.895851616989,1490323.25091906,286242142.675781
"1048",2093-04-01,16.2374700993803,1497847.3865214,137869960.583496
"1049",2093-05-01,1.13075958695754,1695111.43662374,32891373.8863944
"1050",2093-06-01,0.000212933667221824,1843068.29052879,17011090.6052905
"1051",2093-07-01,51.2940618671616,1868459.63139962,2336572.24776421
"1052",2093-08-01,182.277069243085,2048912.31353958,709555.36940546
"1053",2093-09-01,78.7505586180807,2019189.58761479,2076806.24898663
"1054",2093-10-01,89.4722222670463,1650833.01288382,1056615.74136168
"1055",2093-11-01,32.6733556549886,1241217.82471674,546697.220845521
"1056",2093-12-01,16.5188562220518,1226946.23080585,293029.976889677
"1057",2094-01-01,33.3793957258702,1253574.76370492,61840.271187562
"1058",2094-02-01,83.9711395033337,1294239.02475449,290742.685961724
"1059",2094-03-01,6.26412074389195,1423273.91018612,670634.512513876
"1060",2094-04-01,11.3847568862109,1415694.49424447,32583.7888669863
"1061",2094-05-01,0.0881107082755179,1688228.29387856,97.0539421974536
"1062",2094-06-01,0.000168977320064046,1653708.04826383,75.0774308470227
"1063",2094-07-01,549.879677192714,1884016.50174014,112.744719432021
"1064",2094-08-01,207.627104105974,2050643.21593202,257973.844859371
"1065",2094-09-01,17.4194233980416,1839087.42591739,10979.6579526155
"1066",2094-10-01,39.6525788580533,1647305.69935802,21716.3789955899
"1067",2094-11-01,56.6414971952905,1332639.39051187,45005.6013402761
"1068",2094-12-01,56.4251159123395,1292907.38684543,41607.7785109403
"1069",2095-01-01,98.3989274519124,1107022.70219531,64190.4232526897
"1070",2095-02-01,187.9340429771,1082607.3281294,15762495.9493875
"1071",2095-03-01,135.594117167209,1319553.77230092,39458463.7527466
"1072",2095-04-01,4.61338966209307,1381548.27579931,8264389.1402828
"1073",2095-05-01,4.37538430939219,1734041.8885648,227.17748937248
"1074",2095-06-01,4.75620728250107,1652715.78507438,84.4139645978714
"1075",2095-07-01,318.665199763905,1895672.17760469,108.671135691998
"1076",2095-08-01,216.927398429091,1988761.50130807,61933.7131976382
"1077",2095-09-01,39.8020018876515,1938612.7939758,952166.031519324
"1078",2095-10-01,311.11989789313,1875296.4053127,2013764.42244815
"1079",2095-11-01,33.7884100635412,1121991.31742733,2005704.6574451
"1080",2095-12-01,235.966561087023,1207773.43189311,1222488.01641225
"1081",2096-01-01,97.7055545109991,1183583.03335932,19292405.2803039
"1082",2096-02-01,149.747339308671,1160036.47631846,2426352.42742896
"1083",2096-03-01,86.1621540113303,1458804.87391328,1636073.68742824
"1084",2096-04-01,32.7789345664687,1338828.5687399,2068305.36078753
"1085",2096-05-01,0.0445473199866341,1615208.03915627,4839.27836042131
"1086",2096-06-01,12.7752489715459,1638894.00622083,121.466670618523
"1087",2096-07-01,120.966209188019,1848527.47110308,104.225322184811
"1088",2096-08-01,367.235987130597,2389244.69911687,32468689.4073487
"1089",2096-09-01,35.4863756431611,1992753.88117999,204518843.756104
"1090",2096-10-01,12.4485374860719,1686905.45307395,66330112.0742798
"1091",2096-11-01,163.454163737778,1390035.16269947,32826109.864819
"1092",2096-12-01,183.395350817023,1307776.86190992,36332858.0886126
"1093",2097-01-01,160.271882759143,1232079.632705,19519428.711319
"1094",2097-02-01,182.020644739183,1121641.04988176,45092010.8276368
"1095",2097-03-01,318.034453742929,1454184.46336333,75072838.925171
"1096",2097-04-01,91.907291136923,1385514.34171438,94855176.4389038
"1097",2097-05-01,2.24558094209728,1692427.778267,7278242.87356306
"1098",2097-06-01,42.2717857384611,1808065.05726665,66281.5436814911
"1099",2097-07-01,23.187500570775,1891720.73771763,8576.29709781611
"1100",2097-08-01,506.52517541894,2415407.05356633,72404681.4399982
"1101",2097-09-01,94.8671136031721,1919769.27290505,160145176.25885
"1102",2097-10-01,185.617342689713,1971077.25730767,89599199.3728639
"1103",2097-11-01,150.081244395255,1420426.82610344,70324983.3526612
"1104",2097-12-01,212.650737029964,1336229.80640019,51273504.7668457
"1105",2098-01-01,113.679619614881,1230444.1147054,25765025.5062103
"1106",2098-02-01,24.6439036319041,1208942.14295603,15854047.3932322
"1107",2098-03-01,137.572823895689,1448040.21384469,174852.127669193
"1108",2098-04-01,21.1876416033755,1654364.86951534,378037.715446204
"1109",2098-05-01,18.3002024174383,1781246.15377048,537037.274896167
"1110",2098-06-01,14.3657404973478,1677348.63341653,11274.1848116973
"1111",2098-07-01,393.077728720443,2189863.48667949,3614404.90570744
"1112",2098-08-01,753.723848878051,2518790.30806298,311970030.111694
"1113",2098-09-01,122.604145624517,2090688.399711,369021385.079956
"1114",2098-10-01,129.830089437868,1860489.3038605,157812215.872192
"1115",2098-11-01,64.2843796872418,1403568.75839046,43659866.9036865
"1116",2098-12-01,246.069371375577,1304367.55155269,110698076.060486
"1117",2099-01-01,576.910264494386,1366670.8065452,445850367.84668
"1118",2099-02-01,301.096041837384,1282014.87258201,527684359.350586
"1119",2099-03-01,374.040180843513,1558681.34921881,547585067.285156
"1120",2099-04-01,427.24437043825,1540769.63940576,653764542.846679
"1121",2099-05-01,20.2299278636598,1794458.15537368,230404577.453613
"1122",2099-06-01,34.3770334644847,1866527.74100795,67176455.6373596
"1123",2099-07-01,11.1151503211,1889513.58066078,61711836.0723495
"1124",2099-08-01,59.03689968972,1911303.26627041,52246510.0673676
"1125",2099-09-01,15.6409272143795,1900690.00637909,63667258.2092285
"1126",2099-10-01,122.386868654089,1814494.3419639,28552141.2981033
"1127",2099-11-01,54.361983361835,1421858.38120751,16359252.1219254
"1128",2099-12-01,190.588639683823,1141464.94022824,8172084.70544815
"1129",2100-01-01,81.8461262305378,1154959.10937892,0
"1130",2100-02-01,60.3814334972485,1257280.01639012,0
"1131",2100-03-01,193.364736471086,1392066.71186225,0
"1132",2100-04-01,52.9257962911138,1422869.61492913,0
"1133",2100-05-01,2.39752767839204e-07,1681846.64723666,0
"1134",2100-06-01,0.000147720830149919,1740252.44618612,0
"1135",2100-07-01,0.0033180534425796,1879746.89361104,0
"1136",2100-08-01,156.097769135964,1920519.57692205,0
"1137",2100-09-01,83.9854274955095,1961024.17539512,0
"1138",2100-10-01,63.5962227335855,1672597.88463856,0
"1139",2100-11-01,296.743780211492,1345658.0729327,0
"1140",2100-12-01,140.806681477202,1276909.84983019,0
